conflict_id;country;incompatibility;year;intensity_level;cumulative_intensity;type_of_conflict;region
333;Afghanistan;2;1990;2;1;3;3
333;Afghanistan;2;1991;2;1;3;3
333;Afghanistan;2;1992;2;1;3;3
333;Afghanistan;2;1993;2;1;3;3
333;Afghanistan;2;1994;2;1;3;3
333;Afghanistan;2;1995;2;1;3;3
333;Afghanistan;2;1996;2;1;3;3
333;Afghanistan;2;1997;2;1;3;3
333;Afghanistan;2;1998;2;1;3;3
333;Afghanistan;2;1999;2;1;3;3
333;Afghanistan;2;2000;2;1;3;3
333;Afghanistan;2;2001;2;1;4;3
333;Afghanistan;2;2002;1;1;3;3
333;Afghanistan;2;2003;1;1;4;3
333;Afghanistan;2;2004;1;1;4;3
333;Afghanistan;2;2005;2;1;4;3
333;Afghanistan;2;2006;2;1;4;3
333;Afghanistan;2;2007;2;1;4;3
333;Afghanistan;2;2008;2;1;4;3
333;Afghanistan;2;2009;2;1;4;3
333;Afghanistan;2;2010;2;1;4;3
333;Afghanistan;2;2011;2;1;4;3
333;Afghanistan;2;2012;2;1;4;3
333;Afghanistan;2;2013;2;1;4;3
333;Afghanistan;2;2014;2;1;4;3
13637;Afghanistan;1;2015;1;0;4;3
333;Afghanistan;2;2015;2;1;4;3
13637;Afghanistan;1;2016;2;1;4;3
333;Afghanistan;2;2016;2;1;4;3
13637;Afghanistan;1;2017;2;1;4;3
333;Afghanistan;2;2017;2;1;4;3
13637;Afghanistan;1;2018;2;1;4;3
333;Afghanistan;2;2018;2;1;4;3
13637;Afghanistan;1;2019;2;1;4;3
333;Afghanistan;2;2019;2;1;4;3
13637;Afghanistan;1;2020;1;1;4;3
333;Afghanistan;2;2020;2;1;4;3
13637;Afghanistan;1;2021;1;1;4;3
333;Afghanistan;2;2021;2;1;4;3
13637;Afghanistan;1;2022;1;1;3;3
333;Afghanistan;2;2022;1;1;3;3
13637;Afghanistan;1;2023;1;1;3;3
333;Afghanistan;2;2023;1;1;3;3
13637;Afghanistan;1;2024;1;1;3;3
333;Afghanistan;2;2024;1;1;3;3
11639;Afghanistan, Pakistan;1;2024;1;0;2;3
13692;Afghanistan, United Kingdom, United States of America;2;2001;2;1;2;1, 3, 5
386;Algeria;2;1991;1;0;3;4
386;Algeria;2;1992;1;0;3;4
386;Algeria;2;1993;1;1;3;4
386;Algeria;2;1994;2;1;3;4
386;Algeria;2;1995;2;1;3;4
386;Algeria;2;1996;2;1;3;4
386;Algeria;2;1997;2;1;3;4
386;Algeria;2;1998;2;1;3;4
386;Algeria;2;1999;2;1;3;4
386;Algeria;2;2000;1;1;3;4
386;Algeria;2;2001;1;1;3;4
386;Algeria;2;2002;1;1;3;4
386;Algeria;2;2003;1;1;3;4
386;Algeria;2;2004;1;1;4;4
386;Algeria;2;2005;1;1;3;4
386;Algeria;2;2006;1;1;3;4
386;Algeria;2;2007;1;1;3;4
386;Algeria;2;2008;1;1;3;4
386;Algeria;2;2009;1;1;3;4
386;Algeria;2;2010;1;1;3;4
386;Algeria;2;2011;1;1;3;4
386;Algeria;2;2012;1;1;3;4
386;Algeria;2;2013;1;1;3;4
386;Algeria;2;2014;1;1;3;4
13721;Algeria;1;2015;1;0;3;4
386;Algeria;2;2015;1;1;3;4
386;Algeria;2;2016;1;1;3;4
386;Algeria;2;2017;1;1;3;4
386;Algeria;2;2018;1;1;3;4
386;Algeria;2;2020;1;1;3;4
327;Angola;2;1990;2;1;3;4
327;Angola;2;1991;1;1;3;4
387;Angola;1;1991;1;0;3;4
327;Angola;2;1992;2;1;3;4
387;Angola;1;1992;1;0;3;4
327;Angola;2;1993;2;1;3;4
327;Angola;2;1994;2;1;3;4
387;Angola;1;1994;1;0;3;4
327;Angola;2;1995;1;1;3;4
387;Angola;1;1995;1;0;3;4
387;Angola;1;1996;1;0;3;4
387;Angola;1;1997;1;0;3;4
327;Angola;2;1998;2;1;3;4
387;Angola;1;1998;1;0;3;4
327;Angola;2;1999;2;1;4;4
327;Angola;2;2000;2;1;4;4
327;Angola;2;2001;2;1;4;4
327;Angola;2;2002;1;1;4;4
387;Angola;1;2002;1;0;3;4
387;Angola;1;2003;1;0;3;4
387;Angola;1;2004;1;0;3;4
387;Angola;1;2007;1;0;3;4
387;Angola;1;2009;1;0;3;4
387;Angola;1;2016;1;0;3;4
387;Angola;1;2017;1;0;3;4
387;Angola;1;2019;1;0;3;4
387;Angola;1;2020;1;0;3;4
387;Angola;1;2022;1;0;3;4
387;Angola;1;2024;1;0;3;4
420;Australia, Iraq, United Kingdom, United States of America;2;2003;2;1;2;1, 2, 3, 5
388;Azerbaijan;1;1991;1;0;4;1
388;Azerbaijan;1;1992;2;1;4;1
388;Azerbaijan;1;1993;2;1;4;1
396;Azerbaijan;2;1993;1;0;3;1
388;Azerbaijan;1;1994;2;1;3;1
396;Azerbaijan;2;1995;1;0;3;1
388;Azerbaijan;1;1997;1;1;4;1
388;Azerbaijan;1;1998;1;1;4;1
388;Azerbaijan;1;2005;1;1;4;1
388;Azerbaijan;1;2008;1;1;4;1
388;Azerbaijan;1;2012;1;1;4;1
388;Azerbaijan;1;2014;1;1;4;1
388;Azerbaijan;1;2015;1;1;4;1
388;Azerbaijan;1;2016;1;1;4;1
388;Azerbaijan;1;2017;1;1;4;1
388;Azerbaijan;1;2020;2;1;4;1
388;Azerbaijan;1;2021;1;1;4;1
388;Azerbaijan;1;2022;1;1;4;1
388;Azerbaijan;1;2023;1;1;4;1
322;Bangladesh;1;1990;1;1;3;3
322;Bangladesh;1;1991;1;1;3;3
11350;Bangladesh;2;2005;1;0;3;3
11350;Bangladesh;2;2006;1;0;3;3
13674;Bangladesh;1;2016;1;0;3;3
13674;Bangladesh;1;2017;1;0;3;3
15256;Benin;2;2022;1;0;3;4
15256;Benin;2;2023;1;0;3;4
15256;Benin;2;2024;1;0;3;4
389;Bosnia-Herzegovina;1;1992;2;1;4;1
398;Bosnia-Herzegovina;1;1992;1;0;3;1
389;Bosnia-Herzegovina;1;1993;2;1;4;1
397;Bosnia-Herzegovina;1;1993;1;0;3;1
398;Bosnia-Herzegovina;1;1993;2;1;4;1
389;Bosnia-Herzegovina;1;1994;2;1;3;1
397;Bosnia-Herzegovina;1;1994;2;1;3;1
398;Bosnia-Herzegovina;1;1994;1;1;3;1
389;Bosnia-Herzegovina;1;1995;2;1;3;1
397;Bosnia-Herzegovina;1;1995;1;1;3;1
360;Burkina Faso;2;2018;1;0;4;4
13840;Burkina Faso;1;2019;1;0;4;4
360;Burkina Faso;2;2019;1;0;4;4
13840;Burkina Faso;1;2020;1;0;4;4
360;Burkina Faso;2;2020;1;0;4;4
13840;Burkina Faso;1;2021;1;0;4;4
360;Burkina Faso;2;2021;1;1;4;4
13840;Burkina Faso;1;2022;1;0;4;4
360;Burkina Faso;2;2022;2;1;4;4
13840;Burkina Faso;1;2023;1;1;3;4
360;Burkina Faso;2;2023;2;1;4;4
13840;Burkina Faso;1;2024;1;1;3;4
360;Burkina Faso;2;2024;2;1;4;4
287;Burundi;2;1991;1;0;3;4
287;Burundi;2;1992;1;0;3;4
287;Burundi;2;1994;1;0;3;4
287;Burundi;2;1995;1;0;3;4
287;Burundi;2;1996;1;1;3;4
287;Burundi;2;1997;2;1;3;4
287;Burundi;2;1998;1;1;3;4
287;Burundi;2;1999;1;1;3;4
287;Burundi;2;2000;2;1;3;4
287;Burundi;2;2001;2;1;3;4
287;Burundi;2;2002;2;1;3;4
287;Burundi;2;2003;1;1;3;4
287;Burundi;2;2004;1;1;3;4
287;Burundi;2;2005;1;1;3;4
287;Burundi;2;2006;1;1;3;4
287;Burundi;2;2008;1;1;3;4
287;Burundi;2;2014;1;1;3;4
287;Burundi;2;2015;1;1;3;4
287;Burundi;2;2019;1;1;4;4
287;Burundi;2;2020;1;1;4;4
287;Burundi;2;2021;1;1;4;4
287;Burundi;2;2022;1;1;4;4
287;Burundi;2;2023;1;1;4;4
287;Burundi;2;2024;1;1;4;4
300;Cambodia (Kampuchea);2;1990;1;1;3;3
300;Cambodia (Kampuchea);2;1991;1;1;3;3
300;Cambodia (Kampuchea);2;1992;1;1;3;3
300;Cambodia (Kampuchea);2;1993;1;1;3;3
300;Cambodia (Kampuchea);2;1994;1;1;3;3
300;Cambodia (Kampuchea);2;1995;1;1;3;3
300;Cambodia (Kampuchea);2;1996;1;1;3;3
300;Cambodia (Kampuchea);2;1997;1;1;3;3
300;Cambodia (Kampuchea);2;1998;1;1;3;3
294;Cambodia (Kampuchea), Thailand;1;2011;1;0;2;3
13638;Cameroon;1;2015;1;0;4;4
353;Cameroon;2;2015;1;1;4;4
13638;Cameroon;1;2016;1;0;3;4
353;Cameroon;2;2016;1;1;3;4
14129;Cameroon;1;2017;1;0;3;4
353;Cameroon;2;2017;1;1;3;4
14129;Cameroon;1;2018;1;0;3;4
13638;Cameroon;1;2019;1;0;4;4
14129;Cameroon;1;2019;1;1;3;4
14129;Cameroon;1;2020;1;1;3;4
353;Cameroon;2;2020;1;1;3;4
13638;Cameroon;1;2021;1;0;4;4
14129;Cameroon;1;2021;1;1;3;4
14129;Cameroon;1;2022;1;1;3;4
353;Cameroon;2;2022;1;1;3;4
13638;Cameroon;1;2023;1;0;3;4
14129;Cameroon;1;2023;1;1;3;4
353;Cameroon;2;2023;1;1;3;4
14129;Cameroon;1;2024;1;1;3;4
353;Cameroon;2;2024;1;1;3;4
405;Cameroon, Nigeria;1;1996;1;0;2;4
416;Central African Republic;2;2001;1;0;4;4
416;Central African Republic;2;2002;1;0;3;4
416;Central African Republic;2;2006;1;0;4;4
416;Central African Republic;2;2009;1;0;3;4
416;Central African Republic;2;2010;1;0;3;4
416;Central African Republic;2;2011;1;0;3;4
416;Central African Republic;2;2012;1;0;4;4
416;Central African Republic;2;2013;1;0;4;4
416;Central African Republic;2;2014;1;1;4;4
15283;Central African Republic;1;2015;1;0;4;4
416;Central African Republic;2;2017;1;1;4;4
416;Central African Republic;2;2018;1;1;4;4
416;Central African Republic;2;2019;1;1;4;4
416;Central African Republic;2;2020;1;1;4;4
416;Central African Republic;2;2021;1;1;4;4
416;Central African Republic;2;2022;1;1;4;4
15283;Central African Republic;1;2023;1;0;4;4
416;Central African Republic;2;2023;1;1;4;4
416;Central African Republic;2;2024;1;1;4;4
288;Chad;2;1990;2;1;3;4
288;Chad;2;1991;1;1;3;4
288;Chad;2;1992;1;1;3;4
288;Chad;2;1993;1;1;3;4
288;Chad;2;1994;1;1;3;4
288;Chad;2;1997;1;1;3;4
288;Chad;2;1998;1;1;3;4
288;Chad;2;1999;1;1;3;4
288;Chad;2;2000;2;1;3;4
288;Chad;2;2001;1;1;3;4
288;Chad;2;2002;1;1;3;4
288;Chad;2;2003;1;1;3;4
288;Chad;2;2005;1;1;3;4
288;Chad;2;2006;2;1;3;4
288;Chad;2;2007;1;1;3;4
288;Chad;2;2008;1;1;3;4
288;Chad;2;2009;1;1;3;4
288;Chad;2;2010;1;1;3;4
13640;Chad;1;2015;1;0;3;4
13640;Chad;1;2017;1;0;3;4
13640;Chad;1;2018;1;0;3;4
288;Chad;2;2018;1;1;3;4
13640;Chad;1;2019;1;0;3;4
13640;Chad;1;2020;1;0;3;4
288;Chad;2;2020;1;1;3;4
13640;Chad;1;2021;1;0;3;4
288;Chad;2;2021;1;1;3;4
13640;Chad;1;2022;1;0;3;4
288;Chad;2;2023;1;1;3;4
11349;China;1;2008;1;0;3;3
274;China, India;1;2020;1;1;2;3
289;Colombia;2;1990;1;1;3;5
289;Colombia;2;1991;1;1;3;5
289;Colombia;2;1992;2;1;3;5
289;Colombia;2;1993;1;1;3;5
289;Colombia;2;1994;2;1;3;5
289;Colombia;2;1995;1;1;3;5
289;Colombia;2;1996;2;1;3;5
289;Colombia;2;1997;1;1;3;5
289;Colombia;2;1998;1;1;3;5
289;Colombia;2;1999;2;1;3;5
289;Colombia;2;2000;2;1;3;5
289;Colombia;2;2001;2;1;3;5
289;Colombia;2;2002;2;1;3;5
289;Colombia;2;2003;2;1;3;5
289;Colombia;2;2004;2;1;3;5
289;Colombia;2;2005;2;1;3;5
289;Colombia;2;2006;1;1;3;5
289;Colombia;2;2007;1;1;3;5
289;Colombia;2;2008;1;1;3;5
289;Colombia;2;2009;1;1;3;5
289;Colombia;2;2010;1;1;3;5
289;Colombia;2;2011;1;1;3;5
289;Colombia;2;2012;1;1;3;5
289;Colombia;2;2013;1;1;3;5
289;Colombia;2;2014;1;1;3;5
289;Colombia;2;2015;1;1;3;5
289;Colombia;2;2016;1;1;3;5
289;Colombia;2;2018;1;1;3;5
289;Colombia;2;2019;1;1;3;5
289;Colombia;2;2020;1;1;3;5
289;Colombia;2;2021;1;1;3;5
289;Colombia;2;2022;1;1;3;5
289;Colombia;2;2023;1;1;3;5
289;Colombia;2;2024;1;1;3;5
407;Comoros;1;1997;1;0;3;4
408;Congo;2;1993;1;0;3;4
408;Congo;2;1997;2;1;4;4
408;Congo;2;1998;2;1;4;4
408;Congo;2;1999;1;1;4;4
408;Congo;2;2002;1;1;4;4
408;Congo;2;2016;1;1;3;4
390;Croatia;1;1992;2;1;4;1
390;Croatia;1;1993;1;1;4;1
390;Croatia;1;1994;1;1;3;1
390;Croatia;1;1995;2;1;3;1
379;Djibouti;2;1991;1;0;3;4
379;Djibouti;2;1992;1;0;3;4
379;Djibouti;2;1993;1;0;3;4
379;Djibouti;2;1994;1;0;3;4
379;Djibouti;2;1999;1;0;3;4
435;Djibouti, Eritrea;1;2008;1;0;2;4
283;DR Congo (Zaire);2;1996;2;1;4;4
283;DR Congo (Zaire);2;1997;2;1;4;4
283;DR Congo (Zaire);2;1998;2;1;4;4
283;DR Congo (Zaire);2;1999;2;1;4;4
283;DR Congo (Zaire);2;2000;2;1;4;4
283;DR Congo (Zaire);2;2001;1;1;4;4
283;DR Congo (Zaire);2;2005;1;1;3;4
283;DR Congo (Zaire);2;2006;1;1;3;4
283;DR Congo (Zaire);2;2007;1;1;3;4
429;DR Congo (Zaire);1;2007;1;0;3;4
283;DR Congo (Zaire);2;2008;1;1;3;4
429;DR Congo (Zaire);1;2008;1;0;3;4
283;DR Congo (Zaire);2;2011;1;1;3;4
283;DR Congo (Zaire);2;2012;1;1;4;4
265;DR Congo (Zaire);1;2013;1;0;4;4
283;DR Congo (Zaire);2;2013;2;1;4;4
265;DR Congo (Zaire);1;2014;1;0;4;4
283;DR Congo (Zaire);2;2014;1;1;4;4
283;DR Congo (Zaire);2;2016;1;1;3;4
14692;DR Congo (Zaire);1;2017;1;0;4;4
283;DR Congo (Zaire);2;2017;2;1;4;4
429;DR Congo (Zaire);1;2017;1;0;4;4
14692;DR Congo (Zaire);1;2018;1;0;4;4
283;DR Congo (Zaire);2;2018;1;1;4;4
14692;DR Congo (Zaire);1;2019;1;0;4;4
283;DR Congo (Zaire);2;2019;1;1;4;4
14692;DR Congo (Zaire);1;2020;1;1;4;4
265;DR Congo (Zaire);1;2020;1;0;4;4
283;DR Congo (Zaire);2;2020;1;1;4;4
429;DR Congo (Zaire);1;2020;1;0;4;4
14692;DR Congo (Zaire);1;2021;1;1;4;4
283;DR Congo (Zaire);2;2021;1;1;4;4
14692;DR Congo (Zaire);1;2022;1;1;4;4
283;DR Congo (Zaire);2;2022;1;1;4;4
14692;DR Congo (Zaire);1;2023;1;1;4;4
283;DR Congo (Zaire);2;2023;1;1;4;4
14692;DR Congo (Zaire);1;2024;1;1;4;4
283;DR Congo (Zaire);2;2024;1;1;4;4
403;Ecuador, Peru;1;1995;1;0;2;5
391;Egypt;2;1993;1;0;3;2
391;Egypt;2;1994;1;0;3;2
391;Egypt;2;1995;1;0;3;2
391;Egypt;2;1996;1;0;3;2
391;Egypt;2;1997;1;0;3;2
391;Egypt;2;1998;1;0;3;2
391;Egypt;2;2014;1;0;3;2
13648;Egypt;1;2015;1;0;3;2
13648;Egypt;1;2016;1;1;3;2
13648;Egypt;1;2017;1;1;3;2
391;Egypt;2;2017;1;1;3;2
13648;Egypt;1;2018;1;1;3;2
391;Egypt;2;2018;1;1;3;2
13648;Egypt;1;2019;1;1;3;2
391;Egypt;2;2019;1;1;3;2
13648;Egypt;1;2020;1;1;3;2
13648;Egypt;1;2021;1;1;3;2
13648;Egypt;1;2022;1;1;3;2
316;El Salvador;2;1990;1;1;3;5
316;El Salvador;2;1991;1;1;3;5
326;Eritrea;2;1997;1;0;3;4
326;Eritrea;2;1999;1;0;3;4
326;Eritrea;2;2003;1;0;3;4
409;Eritrea, Ethiopia;1;1998;2;1;2;4
409;Eritrea, Ethiopia;1;1999;2;1;2;4
409;Eritrea, Ethiopia;1;2000;2;1;2;4
409;Eritrea, Ethiopia;1;2016;1;1;2;4
267;Ethiopia;2;1990;2;1;3;4
275;Ethiopia;1;1990;2;1;3;4
413;Ethiopia;1;1990;1;1;3;4
11447;Ethiopia;1;1991;1;0;3;4
267;Ethiopia;2;1991;2;1;3;4
275;Ethiopia;1;1991;2;1;3;4
413;Ethiopia;1;1991;1;1;3;4
413;Ethiopia;1;1992;1;1;3;4
329;Ethiopia;1;1993;1;1;3;4
329;Ethiopia;1;1994;1;1;3;4
413;Ethiopia;1;1994;1;1;3;4
413;Ethiopia;1;1995;1;1;3;4
329;Ethiopia;1;1996;1;1;3;4
363;Ethiopia;1;1996;1;0;3;4
329;Ethiopia;1;1998;1;1;3;4
413;Ethiopia;1;1998;1;1;3;4
329;Ethiopia;1;1999;1;1;3;4
413;Ethiopia;1;1999;1;1;3;4
329;Ethiopia;1;2000;1;1;3;4
413;Ethiopia;1;2000;1;1;3;4
329;Ethiopia;1;2001;1;1;3;4
413;Ethiopia;1;2001;1;1;3;4
329;Ethiopia;1;2002;1;1;3;4
413;Ethiopia;1;2002;1;1;3;4
329;Ethiopia;1;2003;1;1;3;4
413;Ethiopia;1;2003;1;1;3;4
329;Ethiopia;1;2004;1;1;3;4
413;Ethiopia;1;2004;1;1;3;4
329;Ethiopia;1;2005;1;1;3;4
413;Ethiopia;1;2005;1;1;3;4
329;Ethiopia;1;2006;1;1;3;4
413;Ethiopia;1;2006;1;1;3;4
329;Ethiopia;1;2007;1;1;3;4
413;Ethiopia;1;2007;1;1;3;4
329;Ethiopia;1;2008;1;1;3;4
413;Ethiopia;1;2008;1;1;3;4
329;Ethiopia;1;2009;1;1;3;4
413;Ethiopia;1;2009;1;1;3;4
329;Ethiopia;1;2010;1;1;3;4
413;Ethiopia;1;2010;1;1;3;4
329;Ethiopia;1;2011;1;1;3;4
413;Ethiopia;1;2011;1;1;3;4
329;Ethiopia;1;2012;1;1;3;4
413;Ethiopia;1;2012;1;1;3;4
329;Ethiopia;1;2013;1;1;3;4
413;Ethiopia;1;2013;1;1;3;4
329;Ethiopia;1;2014;1;1;3;4
329;Ethiopia;1;2015;1;1;3;4
413;Ethiopia;1;2015;1;1;3;4
329;Ethiopia;1;2016;1;1;3;4
413;Ethiopia;1;2016;1;1;3;4
14935;Ethiopia;1;2019;1;0;3;4
413;Ethiopia;1;2019;1;1;3;4
267;Ethiopia;2;2020;2;1;4;4
413;Ethiopia;1;2020;1;1;3;4
267;Ethiopia;2;2021;2;1;4;4
413;Ethiopia;1;2021;1;1;3;4
267;Ethiopia;2;2022;2;1;4;4
413;Ethiopia;1;2022;1;1;4;4
16069;Ethiopia;3;2023;2;1;3;4
413;Ethiopia;1;2023;1;1;3;4
16069;Ethiopia;3;2024;2;1;3;4
413;Ethiopia;1;2024;1;1;3;4
380;Georgia;2;1991;1;0;3;1
380;Georgia;2;1992;1;0;3;1
392;Georgia;1;1992;1;0;3;1
393;Georgia;1;1992;1;0;3;1
380;Georgia;2;1993;1;0;3;1
392;Georgia;1;1993;2;1;3;1
393;Georgia;1;2004;1;0;3;1
393;Georgia;1;2008;1;0;4;1
233;Guatemala;2;1990;1;1;3;5
233;Guatemala;2;1991;1;1;3;5
233;Guatemala;2;1992;1;1;3;5
233;Guatemala;2;1993;1;1;3;5
233;Guatemala;2;1994;1;1;3;5
233;Guatemala;2;1995;1;1;3;5
307;Guinea;2;2000;1;0;3;4
307;Guinea;2;2001;1;0;3;4
410;Guinea-Bissau;2;1998;1;0;4;4
410;Guinea-Bissau;2;1999;1;0;4;4
381;Haiti;2;1991;1;0;3;5
381;Haiti;2;2004;1;0;3;5
381;Haiti;2;2024;1;0;4;5
351;India;1;1990;2;1;3;3
364;India;1;1990;1;0;3;3
365;India;1;1990;1;0;3;3
421;India;1;1990;1;0;3;3
227;India;2;1991;1;1;3;3
351;India;1;1991;2;1;3;3
364;India;1;1991;1;0;3;3
227;India;2;1992;1;1;3;3
251;India;1;1992;1;1;3;3
335;India;1;1992;1;0;3;3
351;India;1;1992;2;1;3;3
364;India;1;1992;1;1;3;3
227;India;2;1993;1;1;3;3
251;India;1;1993;1;1;3;3
347;India;1;1993;1;0;3;3
351;India;1;1993;1;1;3;3
364;India;1;1993;1;1;3;3
227;India;2;1994;1;1;3;3
251;India;1;1994;1;1;3;3
347;India;1;1994;1;0;3;3
364;India;1;1994;1;1;3;3
365;India;1;1994;1;0;3;3
421;India;1;1994;1;0;3;3
251;India;1;1995;1;1;3;3
347;India;1;1995;1;0;3;3
364;India;1;1995;1;1;3;3
365;India;1;1995;1;0;3;3
227;India;2;1996;1;1;3;3
251;India;1;1996;1;1;3;3
347;India;1;1996;1;0;3;3
364;India;1;1996;1;1;3;3
365;India;1;1996;1;0;3;3
421;India;1;1996;1;0;3;3
227;India;2;1997;1;1;3;3
251;India;1;1997;1;1;3;3
335;India;1;1997;1;0;3;3
364;India;1;1997;1;1;3;3
365;India;1;1997;1;0;3;3
421;India;1;1997;1;0;3;3
227;India;2;1998;1;1;3;3
347;India;1;1998;1;0;3;3
364;India;1;1998;1;1;3;3
365;India;1;1998;1;0;3;3
421;India;1;1998;1;0;3;3
227;India;2;1999;1;1;3;3
335;India;1;1999;1;0;3;3
347;India;1;1999;1;0;3;3
364;India;1;1999;1;1;3;3
365;India;1;1999;1;0;3;3
421;India;1;1999;1;0;3;3
227;India;2;2000;1;1;3;3
251;India;1;2000;1;1;3;3
335;India;1;2000;1;0;3;3
347;India;1;2000;1;0;3;3
364;India;1;2000;2;1;3;3
365;India;1;2000;1;0;3;3
227;India;2;2001;1;1;3;3
335;India;1;2001;1;0;3;3
364;India;1;2001;1;1;3;3
365;India;1;2001;1;0;3;3
421;India;1;2001;1;0;3;3
227;India;2;2002;1;1;3;3
335;India;1;2002;1;0;3;3
364;India;1;2002;2;1;3;3
365;India;1;2002;1;0;3;3
421;India;1;2002;1;0;3;3
227;India;2;2003;1;1;3;3
335;India;1;2003;1;0;3;3
347;India;1;2003;1;0;3;3
364;India;1;2003;2;1;3;3
365;India;1;2003;1;0;3;3
421;India;1;2003;1;0;3;3
227;India;2;2004;1;1;3;3
335;India;1;2004;1;0;3;3
347;India;1;2004;1;0;3;3
364;India;1;2004;2;1;3;3
365;India;1;2004;1;0;3;3
421;India;1;2004;1;0;3;3
227;India;2;2005;1;1;3;3
347;India;1;2005;1;0;3;3
364;India;1;2005;2;1;3;3
365;India;1;2005;1;0;3;3
227;India;2;2006;1;1;3;3
347;India;1;2006;1;0;3;3
364;India;1;2006;1;1;3;3
365;India;1;2006;1;0;3;3
227;India;2;2007;1;1;3;3
347;India;1;2007;1;0;3;3
364;India;1;2007;1;1;3;3
365;India;1;2007;1;0;3;3
227;India;2;2008;1;1;3;3
347;India;1;2008;1;1;3;3
364;India;1;2008;1;1;3;3
365;India;1;2008;1;1;3;3
434;India;1;2008;1;0;3;3
227;India;2;2009;1;1;3;3
347;India;1;2009;1;1;3;3
364;India;1;2009;1;1;3;3
365;India;1;2009;1;1;3;3
421;India;1;2009;1;0;3;3
227;India;2;2010;1;1;3;3
364;India;1;2010;1;1;3;3
365;India;1;2010;1;1;3;3
421;India;1;2010;1;0;3;3
227;India;2;2011;1;1;3;3
364;India;1;2011;1;1;3;3
11342;India;1;2012;1;0;3;3
227;India;2;2012;1;1;3;3
364;India;1;2012;1;1;3;3
227;India;2;2013;1;1;3;3
364;India;1;2013;1;1;3;3
421;India;1;2013;1;0;3;3
11342;India;1;2014;1;0;3;3
227;India;2;2014;1;1;3;3
364;India;1;2014;1;1;3;3
421;India;1;2014;1;0;3;3
13653;India;1;2015;1;0;3;3
227;India;2;2015;1;1;3;3
364;India;1;2015;1;1;3;3
13653;India;1;2016;1;0;3;3
227;India;2;2016;1;1;3;3
364;India;1;2016;1;1;3;3
13653;India;1;2017;1;0;3;3
227;India;2;2017;1;1;3;3
364;India;1;2017;1;1;3;3
13653;India;1;2018;1;0;3;3
227;India;2;2018;1;1;3;3
364;India;1;2018;1;1;3;3
227;India;2;2019;1;1;3;3
364;India;1;2019;1;1;3;3
227;India;2;2020;1;1;3;3
364;India;1;2020;1;1;3;3
227;India;2;2021;1;1;3;3
364;India;1;2021;1;1;3;3
227;India;2;2022;1;1;3;3
364;India;1;2022;1;1;3;3
227;India;2;2023;1;1;3;3
364;India;1;2023;1;1;3;3
227;India;2;2024;1;1;3;3
364;India;1;2024;1;1;3;3
218;India, Pakistan;1;1990;1;1;2;3
218;India, Pakistan;1;1991;1;1;2;3
218;India, Pakistan;1;1992;1;1;2;3
218;India, Pakistan;1;1994;1;1;2;3
218;India, Pakistan;1;1996;1;1;2;3
218;India, Pakistan;1;1997;1;1;2;3
218;India, Pakistan;1;1998;1;1;2;3
218;India, Pakistan;1;1999;1;1;2;3
218;India, Pakistan;1;2000;1;1;2;3
218;India, Pakistan;1;2001;1;1;2;3
218;India, Pakistan;1;2002;1;1;2;3
218;India, Pakistan;1;2003;1;1;2;3
218;India, Pakistan;1;2013;1;1;2;3
218;India, Pakistan;1;2014;1;1;2;3
218;India, Pakistan;1;2015;1;1;2;3
218;India, Pakistan;1;2016;1;1;2;3
218;India, Pakistan;1;2017;1;1;2;3
218;India, Pakistan;1;2018;1;1;2;3
218;India, Pakistan;1;2019;1;1;2;3
218;India, Pakistan;1;2020;1;1;2;3
366;Indonesia;1;1990;1;0;3;3
366;Indonesia;1;1991;1;0;3;3
330;Indonesia;1;1992;1;1;3;3
330;Indonesia;1;1997;1;1;3;3
330;Indonesia;1;1998;1;1;3;3
330;Indonesia;1;1999;1;1;3;3
366;Indonesia;1;1999;1;0;3;3
366;Indonesia;1;2000;1;0;3;3
366;Indonesia;1;2001;1;0;3;3
366;Indonesia;1;2002;1;1;3;3
366;Indonesia;1;2003;1;1;3;3
366;Indonesia;1;2004;1;1;3;3
366;Indonesia;1;2005;1;1;3;3
291;Indonesia;1;2018;1;1;3;3
291;Indonesia;1;2019;1;1;3;3
291;Indonesia;1;2020;1;1;3;3
291;Indonesia;1;2021;1;1;3;3
291;Indonesia;1;2022;1;1;3;3
291;Indonesia;1;2023;1;1;3;3
291;Indonesia;1;2024;1;1;3;3
205;Iran;1;1990;1;1;3;2
338;Iran;2;1991;1;1;3;2
205;Iran;1;1993;1;1;3;2
338;Iran;2;1993;1;1;3;2
205;Iran;1;1996;1;1;3;2
338;Iran;2;1997;1;1;3;2
338;Iran;2;1999;1;1;3;2
338;Iran;2;2000;1;1;3;2
338;Iran;2;2001;1;1;3;2
338;Iran;2;2005;1;1;3;2
338;Iran;2;2006;1;1;3;2
338;Iran;2;2007;1;1;3;2
338;Iran;2;2008;1;1;3;2
338;Iran;2;2009;1;1;3;2
338;Iran;2;2010;1;1;3;2
338;Iran;2;2011;1;1;3;2
205;Iran;1;2016;1;1;3;2
14268;Iran;1;2017;1;0;3;2
205;Iran;1;2018;1;1;3;2
338;Iran;2;2018;1;1;3;2
338;Iran;2;2019;1;1;3;2
338;Iran;2;2020;1;1;3;2
338;Iran;2;2021;1;1;3;2
338;Iran;2;2023;1;1;3;2
338;Iran;2;2024;1;1;3;2
14609;Iran, Israel;2;2018;1;0;2;2
14609;Iran, Israel;2;2019;1;0;2;2
14609;Iran, Israel;2;2020;1;0;2;2
14609;Iran, Israel;2;2021;1;0;2;2
14609;Iran, Israel;2;2022;1;0;2;2
14609;Iran, Israel;2;2023;1;1;2;2
14609;Iran, Israel;2;2024;1;1;2;2
271;Iraq;1;1990;1;1;3;2
259;Iraq;2;1991;1;1;3;2
271;Iraq;1;1991;2;1;3;2
259;Iraq;2;1992;1;1;3;2
271;Iraq;1;1992;1;1;3;2
259;Iraq;2;1993;1;1;3;2
259;Iraq;2;1994;1;1;3;2
259;Iraq;2;1995;1;1;3;2
271;Iraq;1;1995;1;1;3;2
259;Iraq;2;1996;1;1;3;2
271;Iraq;1;1996;1;1;3;2
259;Iraq;2;2004;2;1;4;2
259;Iraq;2;2005;2;1;4;2
259;Iraq;2;2006;2;1;4;2
259;Iraq;2;2007;2;1;4;2
259;Iraq;2;2008;2;1;4;2
259;Iraq;2;2009;2;1;4;2
259;Iraq;2;2010;1;1;4;2
259;Iraq;2;2011;1;1;4;2
259;Iraq;2;2012;1;1;3;2
259;Iraq;2;2013;2;1;3;2
259;Iraq;2;2014;2;1;4;2
259;Iraq;2;2015;2;1;4;2
259;Iraq;2;2016;2;1;4;2
259;Iraq;2;2017;2;1;4;2
259;Iraq;2;2018;1;1;4;2
259;Iraq;2;2019;1;1;4;2
259;Iraq;2;2020;1;1;4;2
259;Iraq;2;2021;1;1;4;2
259;Iraq;2;2022;1;1;4;2
259;Iraq;2;2023;1;1;4;2
259;Iraq;2;2024;1;1;4;2
371;Iraq, Kuwait;1;1990;2;1;2;2
371;Iraq, Kuwait;1;1991;2;1;2;2
234;Israel;1;1990;1;1;3;2
426;Israel;1;1990;1;0;3;2
234;Israel;1;1991;1;1;3;2
426;Israel;1;1991;1;0;3;2
234;Israel;1;1992;1;1;3;2
426;Israel;1;1992;1;0;3;2
234;Israel;1;1993;1;1;3;2
426;Israel;1;1993;1;0;3;2
234;Israel;1;1994;1;1;3;2
426;Israel;1;1994;1;0;3;2
234;Israel;1;1995;1;1;3;2
426;Israel;1;1995;1;0;3;2
234;Israel;1;1996;1;1;3;2
426;Israel;1;1996;1;0;3;2
426;Israel;1;1997;1;0;3;2
426;Israel;1;1998;1;0;3;2
426;Israel;1;1999;1;0;3;2
234;Israel;1;2000;1;1;3;2
426;Israel;1;2000;1;0;3;2
234;Israel;1;2001;1;1;3;2
234;Israel;1;2002;1;1;3;2
234;Israel;1;2003;1;1;3;2
234;Israel;1;2004;1;1;3;2
234;Israel;1;2005;1;1;3;2
234;Israel;1;2006;1;1;3;2
426;Israel;1;2006;2;1;3;2
234;Israel;1;2007;1;1;3;2
234;Israel;1;2008;1;1;3;2
234;Israel;1;2009;1;1;3;2
234;Israel;1;2010;1;1;3;2
234;Israel;1;2011;1;1;3;2
234;Israel;1;2012;1;1;3;2
234;Israel;1;2014;2;1;3;2
234;Israel;1;2018;1;1;3;2
234;Israel;1;2019;1;1;3;2
234;Israel;1;2021;1;1;3;2
234;Israel;1;2022;1;1;3;2
234;Israel;1;2023;2;1;4;2
426;Israel;1;2023;1;1;3;2
234;Israel;1;2024;2;1;4;2
426;Israel;1;2024;2;1;3;2
419;Ivory Coast;2;2002;1;0;3;4
419;Ivory Coast;2;2003;1;0;3;4
419;Ivory Coast;2;2004;1;0;3;4
419;Ivory Coast;2;2011;1;0;3;4
13886;Jordan;1;2016;1;0;3;2
13646;Kenya;1;2015;1;0;3;4
13646;Kenya;1;2016;1;0;3;4
13646;Kenya;1;2017;1;0;3;4
13646;Kenya;1;2018;1;0;3;4
13646;Kenya;1;2019;1;0;4;4
13646;Kenya;1;2020;1;0;4;4
13646;Kenya;1;2021;1;0;4;4
13646;Kenya;1;2022;1;0;3;4
13646;Kenya;1;2023;1;0;3;4
13646;Kenya;1;2024;1;0;3;4
13324;Kyrgyzstan, Tajikistan;1;2021;1;0;2;3
13324;Kyrgyzstan, Tajikistan;1;2022;1;0;2;3
262;Laos;2;1990;1;1;3;3
260;Lebanon;2;1990;1;1;4;2
13675;Lebanon;1;2014;1;0;3;2
13675;Lebanon;1;2015;1;0;3;2
13675;Lebanon;1;2017;1;0;3;2
411;Lesotho;2;1998;1;0;4;4
341;Liberia;2;1990;1;0;3;4
341;Liberia;2;2000;1;0;3;4
341;Liberia;2;2001;1;0;3;4
341;Liberia;2;2002;1;1;3;4
341;Liberia;2;2003;2;1;3;4
11346;Libya;2;2011;2;1;4;4
11346;Libya;2;2013;1;1;3;4
11346;Libya;2;2014;1;1;3;4
11346;Libya;2;2015;1;1;3;4
13694;Libya;1;2015;1;0;3;4
13694;Libya;1;2016;2;1;4;4
11346;Libya;2;2017;1;1;3;4
13694;Libya;1;2017;1;1;4;4
13694;Libya;1;2018;1;1;4;4
11346;Libya;2;2019;2;1;4;4
13694;Libya;1;2019;1;1;4;4
11346;Libya;2;2020;1;1;4;4
11487;Malaysia;1;2013;1;0;3;3
372;Mali;1;1990;1;0;3;4
372;Mali;1;1991;1;0;3;4
372;Mali;1;1994;1;0;3;4
372;Mali;1;2007;1;0;3;4
372;Mali;1;2008;1;0;3;4
11347;Mali;2;2009;1;0;3;4
372;Mali;1;2009;1;0;3;4
11347;Mali;2;2012;1;0;3;4
372;Mali;1;2012;1;0;3;4
11347;Mali;2;2013;1;1;4;4
11347;Mali;2;2014;1;1;4;4
372;Mali;1;2014;1;1;3;4
11347;Mali;2;2015;1;1;4;4
13611;Mali;1;2015;1;0;3;4
372;Mali;1;2015;1;1;4;4
11347;Mali;2;2016;1;1;4;4
11347;Mali;2;2017;1;1;4;4
14113;Mali;1;2017;1;0;4;4
11347;Mali;2;2018;1;1;4;4
14113;Mali;1;2018;1;0;4;4
11347;Mali;2;2019;1;1;4;4
14113;Mali;1;2019;1;0;4;4
11347;Mali;2;2020;1;1;4;4
14113;Mali;1;2020;1;0;4;4
11347;Mali;2;2021;1;1;4;4
14113;Mali;1;2021;1;0;4;4
11347;Mali;2;2022;2;1;4;4
14113;Mali;1;2022;1;0;4;4
11347;Mali;2;2023;1;1;4;4
14113;Mali;1;2023;1;1;4;4
16038;Mali;3;2023;1;0;3;4
11347;Mali;2;2024;1;1;4;4
14113;Mali;1;2024;1;1;4;4
16038;Mali;3;2024;1;0;4;4
442;Mauritania;2;2010;1;0;4;4
400;Mexico;2;1994;1;0;3;5
400;Mexico;2;1996;1;0;3;5
394;Moldova;1;1992;1;0;3;1
332;Mozambique;2;1990;2;1;4;4
332;Mozambique;2;1991;2;1;3;4
332;Mozambique;2;1992;1;1;3;4
332;Mozambique;2;2013;1;1;3;4
332;Mozambique;2;2014;1;1;3;4
332;Mozambique;2;2016;1;1;3;4
332;Mozambique;2;2018;1;1;3;4
14845;Mozambique;1;2019;1;0;3;4
332;Mozambique;2;2019;1;1;3;4
14845;Mozambique;1;2020;1;1;3;4
14845;Mozambique;1;2021;1;1;4;4
14845;Mozambique;1;2022;1;1;4;4
14845;Mozambique;1;2023;1;1;4;4
14845;Mozambique;1;2024;1;1;4;4
221;Myanmar (Burma);1;1990;1;1;3;3
222;Myanmar (Burma);2;1990;1;1;3;3
224;Myanmar (Burma);1;1990;1;0;3;3
231;Myanmar (Burma);1;1990;1;1;3;3
11475;Myanmar (Burma);1;1991;1;0;3;3
221;Myanmar (Burma);1;1991;1;1;3;3
222;Myanmar (Burma);2;1991;1;1;3;3
223;Myanmar (Burma);1;1991;1;1;3;3
231;Myanmar (Burma);1;1991;1;1;3;3
221;Myanmar (Burma);1;1992;2;1;3;3
222;Myanmar (Burma);2;1992;1;1;3;3
231;Myanmar (Burma);1;1992;1;1;3;3
253;Myanmar (Burma);1;1992;1;0;3;3
264;Myanmar (Burma);1;1993;1;1;3;3
221;Myanmar (Burma);1;1994;1;1;3;3
222;Myanmar (Burma);2;1994;1;1;3;3
223;Myanmar (Burma);1;1994;1;1;3;3
264;Myanmar (Burma);1;1994;1;1;3;3
11475;Myanmar (Burma);1;1995;1;0;3;3
221;Myanmar (Burma);1;1995;1;1;3;3
264;Myanmar (Burma);1;1995;1;1;3;3
224;Myanmar (Burma);1;1996;1;0;3;3
253;Myanmar (Burma);1;1996;1;0;3;3
264;Myanmar (Burma);1;1996;1;1;3;3
221;Myanmar (Burma);1;1997;1;1;3;3
264;Myanmar (Burma);1;1997;1;1;3;3
422;Myanmar (Burma);1;1997;1;0;3;3
221;Myanmar (Burma);1;1998;1;1;3;3
264;Myanmar (Burma);1;1998;1;1;3;3
264;Myanmar (Burma);1;1999;1;1;3;3
11475;Myanmar (Burma);1;2000;1;0;3;3
221;Myanmar (Burma);1;2000;1;1;3;3
264;Myanmar (Burma);1;2000;1;1;3;3
11475;Myanmar (Burma);1;2001;1;0;3;3
221;Myanmar (Burma);1;2001;1;1;3;3
264;Myanmar (Burma);1;2001;1;1;3;3
221;Myanmar (Burma);1;2002;1;1;3;3
264;Myanmar (Burma);1;2002;1;1;3;3
221;Myanmar (Burma);1;2003;1;1;3;3
221;Myanmar (Burma);1;2004;1;1;3;3
11475;Myanmar (Burma);1;2005;1;0;3;3
221;Myanmar (Burma);1;2005;1;1;3;3
253;Myanmar (Burma);1;2005;1;0;3;3
264;Myanmar (Burma);1;2005;1;1;3;3
11475;Myanmar (Burma);1;2006;1;0;3;3
221;Myanmar (Burma);1;2006;1;1;3;3
264;Myanmar (Burma);1;2006;1;1;3;3
11475;Myanmar (Burma);1;2007;1;0;3;3
221;Myanmar (Burma);1;2007;1;1;3;3
264;Myanmar (Burma);1;2007;1;1;3;3
221;Myanmar (Burma);1;2008;1;1;3;3
264;Myanmar (Burma);1;2008;1;1;3;3
221;Myanmar (Burma);1;2009;1;1;3;3
264;Myanmar (Burma);1;2009;1;1;3;3
439;Myanmar (Burma);1;2009;1;0;3;3
221;Myanmar (Burma);1;2010;1;1;3;3
264;Myanmar (Burma);1;2010;1;1;3;3
221;Myanmar (Burma);1;2011;1;1;3;3
231;Myanmar (Burma);1;2011;1;1;3;3
264;Myanmar (Burma);1;2011;1;1;3;3
231;Myanmar (Burma);1;2012;1;1;3;3
221;Myanmar (Burma);1;2013;1;1;3;3
222;Myanmar (Burma);2;2013;1;1;3;3
231;Myanmar (Burma);1;2013;1;1;3;3
264;Myanmar (Burma);1;2013;1;1;3;3
222;Myanmar (Burma);2;2014;1;1;3;3
231;Myanmar (Burma);1;2014;1;1;3;3
439;Myanmar (Burma);1;2014;1;0;3;3
222;Myanmar (Burma);2;2015;1;1;3;3
231;Myanmar (Burma);1;2015;1;1;3;3
264;Myanmar (Burma);1;2015;1;1;3;3
439;Myanmar (Burma);1;2015;1;0;3;3
223;Myanmar (Burma);1;2016;1;1;3;3
231;Myanmar (Burma);1;2016;1;1;3;3
222;Myanmar (Burma);2;2017;1;1;3;3
223;Myanmar (Burma);1;2017;1;1;3;3
231;Myanmar (Burma);1;2017;1;1;3;3
439;Myanmar (Burma);1;2017;1;0;3;3
222;Myanmar (Burma);2;2018;1;1;3;3
223;Myanmar (Burma);1;2018;1;1;3;3
231;Myanmar (Burma);1;2018;1;1;3;3
222;Myanmar (Burma);2;2019;1;1;3;3
223;Myanmar (Burma);1;2019;1;1;3;3
231;Myanmar (Burma);1;2019;1;1;3;3
223;Myanmar (Burma);1;2020;1;1;3;3
221;Myanmar (Burma);1;2021;1;1;3;3
222;Myanmar (Burma);2;2021;1;1;3;3
231;Myanmar (Burma);1;2021;1;1;3;3
253;Myanmar (Burma);1;2021;1;0;3;3
439;Myanmar (Burma);1;2021;1;0;3;3
221;Myanmar (Burma);1;2022;1;1;3;3
222;Myanmar (Burma);2;2022;2;1;3;3
223;Myanmar (Burma);1;2022;1;1;3;3
231;Myanmar (Burma);1;2022;1;1;3;3
253;Myanmar (Burma);1;2022;1;0;3;3
221;Myanmar (Burma);1;2023;1;1;3;3
222;Myanmar (Burma);2;2023;2;1;3;3
223;Myanmar (Burma);1;2023;1;1;3;3
231;Myanmar (Burma);1;2023;1;1;3;3
253;Myanmar (Burma);1;2023;1;1;3;3
439;Myanmar (Burma);1;2023;1;0;3;3
221;Myanmar (Burma);1;2024;1;1;3;3
222;Myanmar (Burma);2;2024;2;1;3;3
223;Myanmar (Burma);1;2024;1;1;3;3
231;Myanmar (Burma);1;2024;1;1;3;3
253;Myanmar (Burma);1;2024;1;1;3;3
439;Myanmar (Burma);1;2024;1;0;3;3
269;Nepal;2;1996;1;0;3;3
269;Nepal;2;1997;1;0;3;3
269;Nepal;2;1998;1;0;3;3
269;Nepal;2;1999;1;0;3;3
269;Nepal;2;2000;1;0;3;3
269;Nepal;2;2001;1;1;3;3
269;Nepal;2;2002;2;1;3;3
269;Nepal;2;2003;2;1;3;3
269;Nepal;2;2004;2;1;3;3
269;Nepal;2;2005;2;1;3;3
269;Nepal;2;2006;1;1;3;3
336;Nicaragua;2;1990;1;1;3;5
430;Niger;2;1991;1;0;3;4
430;Niger;2;1992;1;0;3;4
373;Niger;1;1994;1;0;3;4
406;Niger;1;1995;1;0;3;4
430;Niger;2;1997;1;0;3;4
430;Niger;2;2007;1;0;3;4
430;Niger;2;2008;1;0;3;4
13639;Niger;1;2015;1;0;4;4
13639;Niger;1;2016;1;0;4;4
13639;Niger;1;2017;1;0;4;4
13639;Niger;1;2018;1;0;4;4
13639;Niger;1;2019;1;1;4;4
13639;Niger;1;2020;1;1;4;4
13639;Niger;1;2021;1;1;4;4
430;Niger;2;2021;1;0;4;4
13639;Niger;1;2022;1;1;4;4
430;Niger;2;2022;1;0;4;4
13639;Niger;1;2023;1;1;4;4
430;Niger;2;2023;1;0;4;4
13639;Niger;1;2024;1;1;3;4
430;Niger;2;2024;1;1;3;4
424;Nigeria;1;2004;1;0;3;4
425;Nigeria;1;2004;1;0;3;4
297;Nigeria;2;2009;1;0;3;4
297;Nigeria;2;2011;1;0;3;4
297;Nigeria;2;2012;1;1;4;4
297;Nigeria;2;2013;2;1;4;4
297;Nigeria;2;2014;2;1;4;4
13641;Nigeria;1;2015;2;1;4;4
297;Nigeria;2;2015;2;1;4;4
13641;Nigeria;1;2016;2;1;4;4
297;Nigeria;2;2016;1;1;4;4
13641;Nigeria;1;2017;1;1;4;4
297;Nigeria;2;2017;2;1;4;4
13641;Nigeria;1;2018;1;1;4;4
297;Nigeria;2;2018;1;1;4;4
13641;Nigeria;1;2019;2;1;4;4
297;Nigeria;2;2019;1;1;4;4
13641;Nigeria;1;2020;2;1;4;4
297;Nigeria;2;2020;1;1;4;4
13641;Nigeria;1;2021;2;1;4;4
297;Nigeria;2;2021;1;1;4;4
303;Nigeria;1;2021;1;1;3;4
13641;Nigeria;1;2022;2;1;4;4
297;Nigeria;2;2022;1;1;4;4
303;Nigeria;1;2022;1;1;3;4
13641;Nigeria;1;2023;2;1;4;4
297;Nigeria;2;2023;1;1;4;4
303;Nigeria;1;2023;1;1;4;4
13641;Nigeria;1;2024;2;1;4;4
297;Nigeria;2;2024;1;1;4;4
303;Nigeria;1;2024;1;1;3;4
417;North Macedonia;2;2001;1;0;3;1
404;Pakistan;2;1990;1;0;3;3
404;Pakistan;2;1994;1;0;3;3
404;Pakistan;2;1995;1;0;3;3
404;Pakistan;2;1996;1;0;3;3
325;Pakistan;1;2004;1;1;3;3
325;Pakistan;1;2006;1;1;3;3
325;Pakistan;1;2007;1;1;3;3
404;Pakistan;2;2007;1;0;3;3
325;Pakistan;1;2008;1;1;3;3
404;Pakistan;2;2008;2;1;3;3
325;Pakistan;1;2009;1;1;3;3
404;Pakistan;2;2009;2;1;3;3
404;Pakistan;2;2010;2;1;3;3
325;Pakistan;1;2011;1;1;3;3
404;Pakistan;2;2011;2;1;3;3
325;Pakistan;1;2012;1;1;3;3
404;Pakistan;2;2012;2;1;3;3
325;Pakistan;1;2013;1;1;3;3
404;Pakistan;2;2013;2;1;3;3
325;Pakistan;1;2014;1;1;3;3
404;Pakistan;2;2014;2;1;3;3
325;Pakistan;1;2015;1;1;3;3
404;Pakistan;2;2015;2;1;4;3
13936;Pakistan;1;2016;1;0;3;3
325;Pakistan;1;2016;1;1;3;3
404;Pakistan;2;2016;1;1;4;3
13936;Pakistan;1;2017;1;0;3;3
404;Pakistan;2;2017;1;1;4;3
13936;Pakistan;1;2018;1;0;3;3
404;Pakistan;2;2018;1;1;4;3
13936;Pakistan;1;2019;1;0;3;3
325;Pakistan;1;2019;1;1;3;3
404;Pakistan;2;2019;1;1;3;3
325;Pakistan;1;2020;1;1;3;3
404;Pakistan;2;2020;1;1;3;3
13936;Pakistan;1;2021;1;0;3;3
325;Pakistan;1;2021;1;1;3;3
404;Pakistan;2;2021;1;1;3;3
13936;Pakistan;1;2022;1;0;3;3
325;Pakistan;1;2022;1;1;3;3
404;Pakistan;2;2022;1;1;3;3
13936;Pakistan;1;2023;1;0;3;3
325;Pakistan;1;2023;1;1;3;3
404;Pakistan;2;2023;1;1;3;3
325;Pakistan;1;2024;1;1;3;3
404;Pakistan;2;2024;2;1;3;3
369;Papua New Guinea;1;1990;1;0;3;3
369;Papua New Guinea;1;1992;1;0;3;3
369;Papua New Guinea;1;1993;1;0;3;3
369;Papua New Guinea;1;1994;1;0;3;3
369;Papua New Guinea;1;1995;1;0;3;3
369;Papua New Guinea;1;1996;1;0;3;3
292;Peru;2;1990;2;1;3;5
292;Peru;2;1991;2;1;3;5
292;Peru;2;1992;2;1;3;5
292;Peru;2;1993;1;1;3;5
292;Peru;2;1994;1;1;3;5
292;Peru;2;1995;1;1;3;5
292;Peru;2;1996;1;1;3;5
292;Peru;2;1997;1;1;3;5
292;Peru;2;1998;1;1;3;5
292;Peru;2;1999;1;1;3;5
292;Peru;2;2007;1;1;3;5
292;Peru;2;2008;1;1;3;5
292;Peru;2;2009;1;1;3;5
292;Peru;2;2010;1;1;3;5
209;Philippines;2;1990;2;1;3;3
308;Philippines;1;1990;1;1;3;3
209;Philippines;2;1991;2;1;3;3
209;Philippines;2;1992;1;1;3;3
209;Philippines;2;1993;1;1;3;3
308;Philippines;1;1993;1;1;3;3
209;Philippines;2;1994;1;1;3;3
308;Philippines;1;1994;1;1;3;3
209;Philippines;2;1995;1;1;3;3
308;Philippines;1;1995;1;1;3;3
308;Philippines;1;1996;1;1;3;3
209;Philippines;2;1997;1;1;3;3
308;Philippines;1;1997;1;1;3;3
308;Philippines;1;1998;1;1;3;3
209;Philippines;2;1999;1;1;3;3
308;Philippines;1;1999;1;1;3;3
209;Philippines;2;2000;1;1;3;3
308;Philippines;1;2000;2;1;3;3
209;Philippines;2;2001;1;1;3;3
308;Philippines;1;2001;1;1;3;3
209;Philippines;2;2002;1;1;3;3
308;Philippines;1;2002;1;1;3;3
209;Philippines;2;2003;1;1;3;3
308;Philippines;1;2003;1;1;3;3
209;Philippines;2;2004;1;1;3;3
308;Philippines;1;2004;1;1;3;3
209;Philippines;2;2005;1;1;3;3
308;Philippines;1;2005;1;1;3;3
209;Philippines;2;2006;1;1;3;3
308;Philippines;1;2006;1;1;3;3
209;Philippines;2;2007;1;1;3;3
308;Philippines;1;2007;1;1;3;3
209;Philippines;2;2008;1;1;3;3
308;Philippines;1;2008;1;1;3;3
209;Philippines;2;2009;1;1;3;3
308;Philippines;1;2009;1;1;3;3
209;Philippines;2;2010;1;1;3;3
308;Philippines;1;2010;1;1;3;3
209;Philippines;2;2011;1;1;3;3
308;Philippines;1;2011;1;1;3;3
209;Philippines;2;2012;1;1;3;3
308;Philippines;1;2012;1;1;3;3
209;Philippines;2;2013;1;1;3;3
308;Philippines;1;2013;1;1;3;3
209;Philippines;2;2014;1;1;3;3
308;Philippines;1;2014;1;1;3;3
209;Philippines;2;2015;1;1;3;3
308;Philippines;1;2015;1;1;3;3
14275;Philippines;1;2016;1;0;3;3
209;Philippines;2;2016;1;1;3;3
308;Philippines;1;2016;1;1;3;3
14275;Philippines;1;2017;2;1;3;3
209;Philippines;2;2017;1;1;3;3
308;Philippines;1;2017;1;1;4;3
14275;Philippines;1;2018;1;1;3;3
209;Philippines;2;2018;1;1;3;3
308;Philippines;1;2018;1;1;3;3
14275;Philippines;1;2019;1;1;3;3
209;Philippines;2;2019;1;1;3;3
308;Philippines;1;2019;1;1;3;3
14275;Philippines;1;2020;1;1;3;3
209;Philippines;2;2020;1;1;3;3
308;Philippines;1;2020;1;1;3;3
14275;Philippines;1;2021;1;1;3;3
209;Philippines;2;2021;1;1;3;3
14275;Philippines;1;2022;1;1;3;3
209;Philippines;2;2022;1;1;3;3
14275;Philippines;1;2023;1;1;3;3
209;Philippines;2;2023;1;1;3;3
14275;Philippines;1;2024;1;1;3;3
209;Philippines;2;2024;1;1;3;3
376;Russia (Soviet Union);1;1990;1;0;3;1
377;Russia (Soviet Union);1;1990;1;0;3;1
376;Russia (Soviet Union);1;1991;1;0;3;1
399;Russia (Soviet Union);2;1993;1;0;3;1
401;Russia (Soviet Union);1;1994;1;0;3;1
401;Russia (Soviet Union);1;1995;2;1;3;1
401;Russia (Soviet Union);1;1996;2;1;3;1
401;Russia (Soviet Union);1;1999;2;1;3;1
414;Russia (Soviet Union);1;1999;1;0;3;1
401;Russia (Soviet Union);1;2000;2;1;3;1
401;Russia (Soviet Union);1;2001;1;1;3;1
401;Russia (Soviet Union);1;2002;2;1;3;1
401;Russia (Soviet Union);1;2003;1;1;3;1
401;Russia (Soviet Union);1;2004;2;1;3;1
401;Russia (Soviet Union);1;2005;1;1;3;1
401;Russia (Soviet Union);1;2006;1;1;3;1
401;Russia (Soviet Union);1;2007;1;1;3;1
432;Russia (Soviet Union);1;2007;1;0;3;1
432;Russia (Soviet Union);1;2008;1;0;3;1
432;Russia (Soviet Union);1;2009;1;1;3;1
432;Russia (Soviet Union);1;2010;1;1;3;1
432;Russia (Soviet Union);1;2011;1;1;3;1
432;Russia (Soviet Union);1;2012;1;1;3;1
432;Russia (Soviet Union);1;2013;1;1;3;1
432;Russia (Soviet Union);1;2014;1;1;3;1
13588;Russia (Soviet Union);1;2015;1;0;3;1
432;Russia (Soviet Union);1;2015;1;1;3;1
13588;Russia (Soviet Union);1;2016;1;0;3;1
13588;Russia (Soviet Union);1;2017;1;0;3;1
13588;Russia (Soviet Union);1;2018;1;0;3;1
13588;Russia (Soviet Union);1;2019;1;0;3;1
13588;Russia (Soviet Union);1;2020;1;0;3;1
399;Russia (Soviet Union);2;2023;1;0;3;1
13588;Russia (Soviet Union);1;2024;1;0;3;1
399;Russia (Soviet Union);2;2024;1;0;3;1
13243;Russia (Soviet Union), Ukraine;3;2022;2;1;2;1
13243;Russia (Soviet Union), Ukraine;3;2023;2;1;2;1
13243;Russia (Soviet Union), Ukraine;3;2024;2;1;2;1
374;Rwanda;2;1990;2;1;4;4
374;Rwanda;2;1991;1;1;3;4
374;Rwanda;2;1992;1;1;3;4
374;Rwanda;2;1993;1;1;3;4
374;Rwanda;2;1994;2;1;3;4
374;Rwanda;2;1996;1;1;3;4
374;Rwanda;2;1997;2;1;3;4
374;Rwanda;2;1998;2;1;3;4
374;Rwanda;2;1999;1;1;3;4
374;Rwanda;2;2000;1;1;3;4
374;Rwanda;2;2001;2;1;3;4
374;Rwanda;2;2002;1;1;3;4
374;Rwanda;2;2009;2;1;4;4
374;Rwanda;2;2010;1;1;4;4
374;Rwanda;2;2011;1;1;4;4
374;Rwanda;2;2012;1;1;4;4
374;Rwanda;2;2016;1;1;4;4
374;Rwanda;2;2019;1;1;4;4
374;Rwanda;2;2020;1;1;4;4
374;Rwanda;2;2022;1;1;3;4
374;Rwanda;2;2023;1;1;3;4
374;Rwanda;2;2024;1;1;3;4
375;Senegal;1;1990;1;0;3;4
375;Senegal;1;1992;1;0;3;4
375;Senegal;1;1993;1;0;3;4
375;Senegal;1;1995;1;0;3;4
375;Senegal;1;1997;1;0;3;4
375;Senegal;1;1998;1;1;3;4
375;Senegal;1;2000;1;1;3;4
375;Senegal;1;2001;1;1;3;4
375;Senegal;1;2003;1;1;3;4
375;Senegal;1;2011;1;1;3;4
384;Serbia (Yugoslavia);1;1991;1;0;3;1
385;Serbia (Yugoslavia);1;1991;2;1;3;1
385;Serbia (Yugoslavia);1;1992;1;1;3;1
412;Serbia (Yugoslavia);1;1998;2;1;3;1
412;Serbia (Yugoslavia);1;1999;2;1;4;1
382;Sierra Leone;2;1991;1;0;4;4
382;Sierra Leone;2;1992;1;0;4;4
382;Sierra Leone;2;1993;1;1;4;4
382;Sierra Leone;2;1994;1;1;4;4
382;Sierra Leone;2;1995;2;1;4;4
382;Sierra Leone;2;1996;1;1;4;4
382;Sierra Leone;2;1997;1;1;4;4
382;Sierra Leone;2;1998;2;1;4;4
382;Sierra Leone;2;1999;2;1;4;4
382;Sierra Leone;2;2000;1;1;4;4
382;Sierra Leone;2;2001;1;1;3;4
337;Somalia;2;1990;2;1;3;4
337;Somalia;2;1991;2;1;3;4
337;Somalia;2;1992;2;1;3;4
337;Somalia;2;1993;1;1;3;4
337;Somalia;2;1994;1;1;3;4
337;Somalia;2;1995;1;1;3;4
337;Somalia;2;1996;1;1;3;4
337;Somalia;2;2001;1;1;3;4
337;Somalia;2;2002;1;1;3;4
337;Somalia;2;2006;1;1;4;4
337;Somalia;2;2007;2;1;4;4
337;Somalia;2;2008;2;1;4;4
337;Somalia;2;2009;2;1;4;4
337;Somalia;2;2010;2;1;4;4
337;Somalia;2;2011;2;1;4;4
337;Somalia;2;2012;2;1;4;4
337;Somalia;2;2013;1;1;4;4
337;Somalia;2;2014;2;1;4;4
337;Somalia;2;2015;2;1;4;4
337;Somalia;2;2016;2;1;4;4
337;Somalia;2;2017;2;1;4;4
14074;Somalia;1;2018;1;0;3;4
337;Somalia;2;2018;2;1;4;4
14197;Somalia;1;2019;1;0;4;4
337;Somalia;2;2019;2;1;4;4
14197;Somalia;1;2020;1;0;4;4
337;Somalia;2;2020;2;1;4;4
14197;Somalia;1;2021;1;0;4;4
337;Somalia;2;2021;2;1;4;4
337;Somalia;2;2022;2;1;4;4
337;Somalia;2;2023;2;1;4;4
14197;Somalia;1;2024;1;0;4;4
16379;Somalia;1;2024;1;0;3;4
337;Somalia;2;2024;2;1;4;4
11345;South Sudan;2;2011;1;0;3;4
11345;South Sudan;2;2012;1;0;3;4
11345;South Sudan;2;2013;1;1;3;4
11345;South Sudan;2;2014;2;1;4;4
11345;South Sudan;2;2015;1;1;4;4
11345;South Sudan;2;2016;1;1;3;4
11345;South Sudan;2;2017;1;1;3;4
11345;South Sudan;2;2018;1;1;3;4
11345;South Sudan;2;2019;1;1;3;4
11345;South Sudan;2;2020;1;1;3;4
11345;South Sudan;2;2021;1;1;3;4
11348;South Sudan, Sudan;1;2012;1;0;2;4
342;Spain;1;1991;1;0;3;1
313;Sri Lanka;2;1990;1;1;3;3
352;Sri Lanka;1;1990;2;1;3;3
352;Sri Lanka;1;1991;2;1;3;3
352;Sri Lanka;1;1992;2;1;3;3
352;Sri Lanka;1;1993;2;1;3;3
352;Sri Lanka;1;1994;1;1;3;3
352;Sri Lanka;1;1995;2;1;3;3
352;Sri Lanka;1;1996;2;1;3;3
352;Sri Lanka;1;1997;2;1;3;3
352;Sri Lanka;1;1998;2;1;3;3
352;Sri Lanka;1;1999;2;1;3;3
352;Sri Lanka;1;2000;2;1;3;3
352;Sri Lanka;1;2001;2;1;3;3
352;Sri Lanka;1;2003;1;1;3;3
352;Sri Lanka;1;2005;1;1;3;3
352;Sri Lanka;1;2006;2;1;3;3
352;Sri Lanka;1;2007;2;1;3;3
352;Sri Lanka;1;2008;2;1;3;3
352;Sri Lanka;1;2009;2;1;3;3
309;Sudan;2;1990;2;1;3;4
309;Sudan;2;1991;2;1;3;4
309;Sudan;2;1992;2;1;3;4
309;Sudan;2;1993;1;1;3;4
309;Sudan;2;1994;1;1;3;4
309;Sudan;2;1995;2;1;3;4
309;Sudan;2;1996;2;1;3;4
309;Sudan;2;1997;2;1;3;4
309;Sudan;2;1998;2;1;3;4
309;Sudan;2;1999;2;1;3;4
309;Sudan;2;2000;2;1;3;4
309;Sudan;2;2001;2;1;3;4
309;Sudan;2;2002;2;1;3;4
309;Sudan;2;2003;2;1;4;4
309;Sudan;2;2004;2;1;3;4
309;Sudan;2;2005;1;1;3;4
309;Sudan;2;2006;2;1;3;4
309;Sudan;2;2007;1;1;3;4
309;Sudan;2;2008;1;1;3;4
309;Sudan;2;2009;1;1;3;4
309;Sudan;2;2010;2;1;3;4
11344;Sudan;1;2011;1;0;3;4
309;Sudan;2;2011;2;1;4;4
309;Sudan;2;2012;2;1;3;4
309;Sudan;2;2013;1;1;3;4
309;Sudan;2;2014;1;1;3;4
309;Sudan;2;2015;2;1;3;4
309;Sudan;2;2016;2;1;3;4
309;Sudan;2;2017;1;1;3;4
309;Sudan;2;2018;1;1;3;4
309;Sudan;2;2020;1;1;3;4
309;Sudan;2;2021;1;1;3;4
309;Sudan;2;2022;1;1;3;4
309;Sudan;2;2023;2;1;3;4
309;Sudan;2;2024;2;1;3;4
299;Syria;2;2011;2;1;3;2
13042;Syria;1;2012;1;0;3;2
299;Syria;2;2012;2;1;3;2
13042;Syria;1;2013;1;0;3;2
13604;Syria;1;2013;2;1;3;2
299;Syria;2;2013;2;1;3;2
13042;Syria;1;2014;1;0;3;2
13604;Syria;1;2014;2;1;3;2
299;Syria;2;2014;2;1;3;2
13042;Syria;1;2015;1;0;3;2
13604;Syria;1;2015;2;1;4;2
299;Syria;2;2015;2;1;4;2
13604;Syria;1;2016;2;1;4;2
13809;Syria;3;2016;1;0;3;2
299;Syria;2;2016;2;1;4;2
13604;Syria;1;2017;2;1;4;2
299;Syria;2;2017;2;1;4;2
13604;Syria;1;2018;2;1;4;2
13809;Syria;3;2018;1;0;3;2
299;Syria;2;2018;2;1;4;2
13604;Syria;1;2019;1;1;4;2
299;Syria;2;2019;2;1;4;2
13604;Syria;1;2020;2;1;4;2
299;Syria;2;2020;2;1;4;2
13604;Syria;1;2021;1;1;4;2
299;Syria;2;2021;1;1;4;2
13604;Syria;1;2022;1;1;4;2
299;Syria;2;2022;1;1;4;2
13604;Syria;1;2023;1;1;4;2
13809;Syria;3;2023;1;0;3;2
299;Syria;2;2023;2;1;4;2
13604;Syria;1;2024;1;1;4;2
13809;Syria;3;2024;1;0;3;2
299;Syria;2;2024;2;1;4;2
395;Tajikistan;2;1992;2;1;4;3
395;Tajikistan;2;1993;2;1;4;3
395;Tajikistan;2;1994;1;1;4;3
395;Tajikistan;2;1995;1;1;4;3
395;Tajikistan;2;1996;2;1;4;3
395;Tajikistan;2;1997;1;1;3;3
395;Tajikistan;2;1998;1;1;3;3
395;Tajikistan;2;2000;1;1;3;3
395;Tajikistan;2;2010;1;1;3;3
395;Tajikistan;2;2011;1;1;3;3
16292;Tajikistan;1;2018;1;0;3;3
16292;Tajikistan;1;2019;1;0;3;3
15183;Tanzania;1;2020;1;0;3;4
423;Thailand;1;2003;1;0;3;3
423;Thailand;1;2004;1;0;3;3
423;Thailand;1;2005;1;0;3;3
423;Thailand;1;2006;1;0;3;3
423;Thailand;1;2007;1;0;3;3
423;Thailand;1;2008;1;0;3;3
423;Thailand;1;2009;1;1;3;3
423;Thailand;1;2010;1;1;3;3
423;Thailand;1;2011;1;1;3;3
423;Thailand;1;2012;1;1;3;3
423;Thailand;1;2013;1;1;3;3
423;Thailand;1;2014;1;1;3;3
423;Thailand;1;2015;1;1;3;3
423;Thailand;1;2016;1;1;3;3
423;Thailand;1;2017;1;1;3;3
423;Thailand;1;2018;1;1;3;3
423;Thailand;1;2019;1;1;3;3
423;Thailand;1;2020;1;1;3;3
423;Thailand;1;2021;1;1;3;3
423;Thailand;1;2022;1;1;3;3
423;Thailand;1;2023;1;1;3;3
423;Thailand;1;2024;1;1;3;3
358;Togo;2;2022;1;0;3;4
358;Togo;2;2023;1;0;3;4
358;Togo;2;2024;1;0;3;4
378;Trinidad and Tobago;2;1990;1;0;3;5
343;Tunisia;2;2013;1;0;3;4
343;Tunisia;2;2014;1;0;3;4
343;Tunisia;2;2015;1;0;3;4
14333;Tunisia;1;2016;1;0;3;4
354;Turkey;1;1990;1;1;3;2
354;Turkey;1;1991;1;1;3;2
383;Turkey;2;1991;1;0;3;2
354;Turkey;1;1992;2;1;3;2
383;Turkey;2;1992;1;0;3;2
354;Turkey;1;1993;2;1;3;2
383;Turkey;2;1993;1;0;3;2
354;Turkey;1;1994;2;1;3;2
354;Turkey;1;1995;2;1;3;2
354;Turkey;1;1996;2;1;3;2
354;Turkey;1;1997;2;1;3;2
354;Turkey;1;1998;2;1;3;2
354;Turkey;1;1999;2;1;3;2
354;Turkey;1;2000;1;1;3;2
383;Turkey;2;2000;1;0;3;2
354;Turkey;1;2001;1;1;3;2
354;Turkey;1;2002;1;1;3;2
354;Turkey;1;2003;1;1;3;2
354;Turkey;1;2004;1;1;3;2
354;Turkey;1;2005;1;1;3;2
383;Turkey;2;2005;1;0;3;2
354;Turkey;1;2006;1;1;3;2
354;Turkey;1;2007;1;1;3;2
354;Turkey;1;2008;1;1;3;2
354;Turkey;1;2009;1;1;3;2
354;Turkey;1;2010;1;1;3;2
354;Turkey;1;2011;1;1;3;2
354;Turkey;1;2012;1;1;3;2
354;Turkey;1;2013;1;1;3;2
13902;Turkey;1;2015;1;0;3;2
354;Turkey;1;2015;1;1;3;2
13902;Turkey;1;2016;2;1;3;2
354;Turkey;1;2016;2;1;3;2
383;Turkey;2;2016;1;0;3;2
13902;Turkey;1;2017;1;1;3;2
354;Turkey;1;2017;1;1;3;2
354;Turkey;1;2018;1;1;3;2
354;Turkey;1;2019;1;1;3;2
354;Turkey;1;2020;1;1;3;2
354;Turkey;1;2021;1;1;3;2
354;Turkey;1;2022;1;1;3;2
354;Turkey;1;2023;1;1;3;2
354;Turkey;1;2024;1;1;3;2
314;Uganda;2;1990;1;1;3;4
314;Uganda;2;1991;1;1;3;4
314;Uganda;2;1992;1;1;3;4
314;Uganda;2;1994;1;1;3;4
314;Uganda;2;1995;1;1;3;4
314;Uganda;2;1996;2;1;3;4
314;Uganda;2;1997;1;1;3;4
314;Uganda;2;1998;1;1;3;4
314;Uganda;2;1999;1;1;3;4
314;Uganda;2;2000;1;1;3;4
314;Uganda;2;2001;1;1;3;4
314;Uganda;2;2002;2;1;3;4
314;Uganda;2;2003;1;1;3;4
314;Uganda;2;2004;2;1;3;4
314;Uganda;2;2005;1;1;4;4
314;Uganda;2;2006;1;1;3;4
314;Uganda;2;2007;1;1;3;4
314;Uganda;2;2008;1;1;4;4
314;Uganda;2;2009;1;1;4;4
314;Uganda;2;2010;1;1;4;4
314;Uganda;2;2011;1;1;4;4
314;Uganda;2;2013;1;1;4;4
314;Uganda;2;2014;1;1;4;4
314;Uganda;2;2015;1;1;4;4
314;Uganda;2;2016;1;1;4;4
314;Uganda;2;2017;1;1;4;4
15438;Uganda;1;2022;1;0;3;4
13219;Ukraine;2;2014;1;0;3;1
13246;Ukraine;1;2014;2;1;4;1
13247;Ukraine;1;2014;2;1;4;1
13306;Ukraine;1;2014;2;1;4;1
13306;Ukraine;1;2015;2;1;4;1
13306;Ukraine;1;2016;1;1;4;1
13306;Ukraine;1;2017;1;1;4;1
13306;Ukraine;1;2018;1;1;4;1
13306;Ukraine;1;2019;1;1;4;1
13306;Ukraine;1;2020;1;1;4;1
13306;Ukraine;1;2021;1;1;4;1
13306;Ukraine;1;2022;1;1;4;1
315;United Kingdom;1;1990;1;1;3;1
315;United Kingdom;1;1991;1;1;3;1
315;United Kingdom;1;1998;1;1;3;1
16099;United Kingdom, United States of America, Yemen (North Yemen);1;2024;1;0;2;1, 2, 5
418;United States of America;2;2001;2;1;4;5
418;United States of America;2;2002;1;1;4;5
418;United States of America;2;2003;1;1;4;5
418;United States of America;2;2004;1;1;4;5
418;United States of America;2;2005;1;1;4;5
418;United States of America;2;2006;1;1;4;5
418;United States of America;2;2007;1;1;4;5
418;United States of America;2;2008;1;1;4;5
418;United States of America;2;2009;1;1;4;5
418;United States of America;2;2010;1;1;4;5
418;United States of America;2;2011;1;1;4;5
418;United States of America;2;2012;1;1;4;5
418;United States of America;2;2013;1;1;4;5
418;United States of America;2;2014;1;1;4;5
418;United States of America;2;2015;1;1;4;5
418;United States of America;2;2016;1;1;4;5
418;United States of America;2;2017;1;1;4;5
418;United States of America;2;2019;1;1;4;5
415;Uzbekistan;2;1999;1;0;3;3
415;Uzbekistan;2;2000;1;0;4;3
415;Uzbekistan;2;2004;1;0;3;3
277;Venezuela;2;1992;1;0;3;5
402;Yemen (North Yemen);1;1994;2;1;3;2
230;Yemen (North Yemen);2;2009;1;1;4;2
230;Yemen (North Yemen);2;2010;1;1;4;2
230;Yemen (North Yemen);2;2011;2;1;4;2
230;Yemen (North Yemen);2;2012;2;1;4;2
230;Yemen (North Yemen);2;2013;1;1;4;2
230;Yemen (North Yemen);2;2014;2;1;4;2
13645;Yemen (North Yemen);1;2015;1;0;3;2
230;Yemen (North Yemen);2;2015;2;1;4;2
230;Yemen (North Yemen);2;2016;2;1;4;2
13645;Yemen (North Yemen);1;2017;1;0;3;2
230;Yemen (North Yemen);2;2017;2;1;4;2
230;Yemen (North Yemen);2;2018;2;1;4;2
230;Yemen (North Yemen);2;2019;2;1;4;2
13645;Yemen (North Yemen);1;2020;1;0;3;2
230;Yemen (North Yemen);2;2020;2;1;4;2
230;Yemen (North Yemen);2;2021;2;1;4;2
230;Yemen (North Yemen);2;2022;2;1;4;2
230;Yemen (North Yemen);2;2023;1;1;4;2
230;Yemen (North Yemen);2;2024;1;1;4;2